* ******************************************************************************

* iCEcube Pin Table

* Version:            2016.12.27910

* Build Date:         Dec 21 2016 17:44:35

* File Generated:     Apr 6 2017 12:49:32

* Purpose:            Detailed IO and package pin info

* Copyright (C) 2006-2010 by Lattice Semiconductor Corp. All rights reserved.

* ******************************************************************************

Device, iCE40HX1K
Package, TQ144

Pin Number, Pin Type Name, Signal Name, Direction, Global Buffer, IO Standard, Pull Up, IO Function, IO Bank, 
---------------, ---------------, ---------------, ---------------, ---------------, ---------------, ---------------, ---------------, ---------------, 
1, PIO, not used, , , , , , leftBank
2, PIO, not used, , , , , , leftBank
3, PIO, not used, , , , , , leftBank
4, PIO, not used, , , , , , leftBank
5, GND, not used, , , , , , UnknownBank
6, VCCIO_3, not used, , , , , , leftBank
7, PIO, not used, , , , , , leftBank
8, PIO, o_serial_data, Output, , SB_LVCMOS, No Pull Up, Simple Output, leftBank
9, PIO, from_pc, Input, , SB_LVCMOS, No Pull Up, Simple Input, leftBank
10, PIO, not used, , , , , , leftBank
11, PIO, not used, , , , , , leftBank
12, PIO, not used, , , , , , leftBank
13, GND, not used, , , , , , UnknownBank
14, GND, not used, , , , , , UnknownBank
19, PIO, led[5], Output, , SB_LVCMOS, No Pull Up, Simple Output, leftBank
20, PIO_GBIN, not used, , , , , , leftBank
21, PIO_GBIN, clk_in, Input, glb Buff, SB_LVCMOS, No Pull Up, Simple Input, leftBank
22, PIO, not used, , , , , , leftBank
23, PIO, not used, , , , , , leftBank
24, PIO, not used, , , , , , leftBank
25, PIO, not used, , , , , , leftBank
26, PIO, not used, , , , , , leftBank
27, VCC, not used, , , , , , UnknownBank
28, PIO, not used, , , , , , leftBank
29, PIO, not used, , , , , , leftBank
30, VCCIO_3, not used, , , , , , leftBank
31, PIO, not used, , , , , , leftBank
32, PIO, not used, , , , , , leftBank
33, PIO, not used, , , , , , leftBank
34, PIO, led[6], Output, , SB_LVCMOS, No Pull Up, Simple Output, leftBank
35, AGND, not used, , , , , , UnknownBank
36, AVDD, not used, , , , , , UnknownBank
37, PIO, not used, , , , , , bottomBank
38, PIO, not used, , , , , , bottomBank
39, PIO, not used, , , , , , bottomBank
41, PIO, not used, , , , , , bottomBank
42, PIO, not used, , , , , , bottomBank
43, PIO, not used, , , , , , bottomBank
44, PIO, not used, , , , , , bottomBank
45, PIO, test1, Output, , SB_LVCMOS, No Pull Up, Simple Output, bottomBank
46, VCCIO_2, not used, , , , , , bottomBank
47, PIO, test2, Output, , SB_LVCMOS, No Pull Up, Simple Output, bottomBank
48, PIO, test3, Output, , SB_LVCMOS, No Pull Up, Simple Output, bottomBank
49, PIO_GBIN, not used, , , , , , bottomBank
50, PIO_GBIN, not used, , , , , , bottomBank
51, VCC, not used, , , , , , UnknownBank
52, PIO, not used, , , , , , bottomBank
56, PIO, not used, , , , , , bottomBank
57, VCCIO_2, not used, , , , , , bottomBank
58, PIO, not used, , , , , , bottomBank
59, GND, not used, , , , , , UnknownBank
60, PIO, not used, , , , , , bottomBank
61, PIO, not used, , , , , , bottomBank
62, PIO, not used, , , , , , bottomBank
63, PIO, not used, , , , , , bottomBank
64, PIO, not used, , , , , , bottomBank
65, CDONE, not used, , , , , , bottomBank
66, CRESET_B, not used, , , , , , bottomBank
67, SPI_SO, not used, , , , , , bottomBank
68, SPI_SI, not used, , , , , , bottomBank
69, GND, not used, , , , , , UnknownBank
70, SPI_SCK, not used, , , , , , bottomBank
71, SPI_SS_B, not used, , , , , , bottomBank
72, VDDIO_SPI, not used, , , , , , bottomBank
73, PIO, not used, , , , , , rightBank
74, PIO, not used, , , , , , rightBank
75, PIO, not used, , , , , , rightBank
76, PIO, not used, , , , , , rightBank
77, TRST_B, not used, , , , , , rightBank
78, PIO, not used, , , , , , rightBank
79, PIO, not used, , , , , , rightBank
80, PIO, not used, , , , , , rightBank
81, PIO, not used, , , , , , rightBank
86, GND, not used, , , , , , UnknownBank
87, PIO, not used, , , , , , rightBank
88, PIO, not used, , , , , , rightBank
89, VCCIO_1, not used, , , , , , rightBank
90, PIO, not used, , , , , , rightBank
91, PIO, not used, , , , , , rightBank
92, VCC, not used, , , , , , UnknownBank
93, PIO_GBIN, not used, , , , , , rightBank
94, PIO_GBIN, not used, , , , , , rightBank
95, PIO, led[4], Output, , SB_LVCMOS, No Pull Up, Simple Output, rightBank
96, PIO, led[3], Output, , SB_LVCMOS, No Pull Up, Simple Output, rightBank
97, PIO, led[2], Output, , SB_LVCMOS, No Pull Up, Simple Output, rightBank
98, PIO, led[1], Output, , SB_LVCMOS, No Pull Up, Simple Output, rightBank
99, PIO, led[0], Output, , SB_LVCMOS, No Pull Up, Simple Output, rightBank
100, VCCIO_1, not used, , , , , , rightBank
101, PIO, not used, , , , , , rightBank
102, PIO, not used, , , , , , rightBank
103, GND, not used, , , , , , UnknownBank
104, PIO, not used, , , , , , rightBank
105, PIO, to_ir, Output, , SB_LVCMOS, No Pull Up, Simple Output, rightBank
106, PIO, not used, , , , , , rightBank
107, PIO, sd, Output, , SB_LVCMOS, No Pull Up, Simple Output, rightBank
108, VPP_PUMP, not used, , , , , , UnknownBank
109, VPP_DIRECT, not used, , , , , , UnknownBank
111, VCC, not used, , , , , , UnknownBank
112, PIO, not used, , , , , , topBank
113, PIO, not used, , , , , , topBank
114, PIO, not used, , , , , , topBank
115, PIO, not used, , , , , , topBank
116, PIO, not used, , , , , , topBank
117, PIO, not used, , , , , , topBank
118, PIO, not used, , , , , , topBank
119, PIO, not used, , , , , , topBank
120, PIO, not used, , , , , , topBank
121, PIO, not used, , , , , , topBank
122, PIO, not used, , , , , , topBank
123, VCCIO_0, not used, , , , , , topBank
128, PIO_GBIN, not used, , , , , , topBank
129, PIO_GBIN, not used, , , , , , topBank
132, GND, not used, , , , , , UnknownBank
133, VCCIO_0, not used, , , , , , topBank
134, PIO, not used, , , , , , topBank
135, PIO, not used, , , , , , topBank
136, PIO, not used, , , , , , topBank
137, PIO, not used, , , , , , topBank
138, PIO, not used, , , , , , topBank
139, PIO, not used, , , , , , topBank
140, GND, not used, , , , , , UnknownBank
141, PIO, not used, , , , , , topBank
142, PIO, not used, , , , , , topBank
143, PIO, not used, , , , , , topBank
144, PIO, led[7], Output, , SB_LVCMOS, No Pull Up, Simple Output, topBank
Total Number of Used Pins, 16
